Timestamp,Gender,Age,Education,Occupation ,1. From when you started using smartphone?, 2. Which of the following social media website do you currently have an account with?,3. How often do you check-in to your social media accounts in any given week?,4. What is your go-to device to access your social media feed?,5. How often do you use the chat app on your social media accounts?,6. On an average how much time do you spend on social media?,7. What is your purpose of using social media website?,8. When do you access social media websites?,9.  Do you check your social media account before going to bed?,10. How does social media affect your physical and mental health?,11. How often do you face health issues?,12. Do you want to share your opinion about social media addiction?
6/19/2021 10:54:54,Female,20 to 30,Graduate,Student,10 to 20 AgeGroup,"WhatsApp, LinkedIn, Zoom/Google Meet etc.",Daily,"Mobile, Laptop",Very often,Less than 30 mins,"To make friends, To socialize casually, Online Gaming, Studying",During my free time,Yes,"Headache, Depression, Eye Related Issues, Mood swings",Twice a week,Yes
6/19/2021 11:10:39,Female,20 to 30,U.G,Student,10 to 20 AgeGroup,"Facebook, Twitter, WhatsApp, Instagram, LinkedIn, Zoom/Google Meet etc., Telegram, Netflix, Prime, Disney+hotstar",Every hour,"Mobile, Laptop",Extremely often,3-4 hours,"To socialize casually, To find employment, Online Gaming, Studying","During my free time, During meal times",Yes,"Back Pain, Headache, Anxiety, Eye Related Issues, Mood swings",Once a week,Yes
6/19/2021 11:12:41,Female,20 to 30,U.G,Student,20 to 30 AgeGroup,"WhatsApp, Instagram, LinkedIn, Zoom/Google Meet etc.",Daily,"Mobile, Laptop, Desktop",Extremely often,An hour,"To make friends, To promote products/services","During my free time, While at school/university/work",Yes,Headache,,Yes
6/19/2021 11:41:42,Female,20 to 30,Graduate,Employee,10 to 20 AgeGroup,"Facebook, WhatsApp, Instagram, LinkedIn, Zoom/Google Meet etc., Telegram",Daily,"Mobile, Laptop",Every 3-4 hours,1-2 hours,"To make friends, To promote products/services, Studying","During my free time, During social occasions",No,Mood swings,Once a month,No
6/19/2021 11:46:28,Female,20 to 30,Graduate,Student,20 to 30 AgeGroup,"Facebook, WhatsApp, Instagram, LinkedIn, Zoom/Google Meet etc.",Every hour,"Mobile, Tablet, Laptop, Desktop",Every hour,Less than 30 mins,"To make friends, To socialize casually, To find employment, Online Gaming, Studying","During my free time, While at school/university/work",Yes,"Back Pain, Headache, Depression, Anxiety, Eye Related Issues, Mood swings",Once a week,Yes
6/19/2021 12:25:00,Female,20 to 30,U.G,Student,10 to 20 AgeGroup,"Facebook, Twitter, WhatsApp, Instagram, LinkedIn, Zoom/Google Meet etc., Telegram, Netflix",Every hour,"Mobile, Laptop",Every hour,More than 4 hours,"To socialize casually, Online Gaming, Studying","During my free time, During meal times",Yes,"Back Pain, Headache, Anxiety, Eye Related Issues, Mood swings",Twice a week,Yes
6/19/2021 13:06:43,Female,30 to 50,P.G,Employee,20 to 30 AgeGroup,"Facebook, WhatsApp",Daily,Mobile,Every day,Less than 30 mins,To find employment,During my free time,No,"Anxiety, Eye Related Issues",Once a month,No
6/19/2021 18:03:06,Male,20 to 30,U.G,Student,10 to 20 AgeGroup,"Twitter, WhatsApp, Instagram, Telegram, Snapchat, Tumblr",Daily,"Mobile, Laptop",Every hour,More than 4 hours,"To make friends, To socialize casually, To find a suitable date, To promote products/services, To find employment, Online Gaming, Studying","During my free time, During meal times",Yes,"Back Pain, Eye Related Issues",Thrice a month,
6/19/2021 18:05:19,Male,20 to 30,Graduate,Student,10 to 20 AgeGroup,"WhatsApp, Instagram",Daily,Mobile,Every 5-15 minutes,More than 4 hours,To socialize casually,During my free time,Yes,"Headache, Depression, Eye Related Issues, Mood swings",Twice a week,
6/19/2021 18:07:16,Male,20 to 30,Graduate,Entrepreneur,10 to 20 AgeGroup,"Facebook, Twitter, WhatsApp, Instagram, LinkedIn, Zoom/Google Meet etc., Telegram, Netflix",Every hour,"Mobile, Laptop",Every 5-15 minutes,More than 4 hours,Online Gaming,"During my free time, While at school/university/work, During social occasions, During meal times",Yes,"Eye Related Issues, Mood swings",Once a month,
6/19/2021 18:07:16,Male,20 to 30,Graduate,Student,10 to 20 AgeGroup,"WhatsApp, Zoom/Google Meet etc., Telegram",Daily,Mobile,Every day,Less than 30 mins,"To make friends, To socialize casually, To find employment, Studying","During my free time, While at school/university/work, During social occasions, During meal times",Yes,"Back Pain, Headache, Depression, Anxiety, Eye Related Issues, Mood swings",Once a week,"Hate it
"
6/19/2021 18:08:08,Male,20 to 30,U.G,Student,10 to 20 AgeGroup,"Facebook, WhatsApp, Instagram, LinkedIn, Zoom/Google Meet etc., Telegram",Daily,"Mobile, Laptop",Every day,3-4 hours,"To make friends, To socialize casually, News","During my free time, During social occasions",Yes,"Headache, Depression, Anxiety, Mood swings",Once a month,
6/19/2021 18:11:33,Male,20 to 30,Graduate,Student,20 to 30 AgeGroup,"Facebook, WhatsApp, Instagram, Zoom/Google Meet etc., Telegram, Netflix",Daily,Mobile,Every day,An hour,"To socialize casually, To find a suitable date, Online Gaming",During my free time,Yes,Mood swings,Once a month,
6/19/2021 18:15:49,Male,20 to 30,P.G,Entrepreneur,10 to 20 AgeGroup,"Facebook, Twitter, WhatsApp, Instagram, LinkedIn, Zoom/Google Meet etc., Telegram, Netflix",Daily,Mobile,Every 3-4 hours,3-4 hours,To socialize casually,"During my free time, During meal times",Yes,"Back Pain, Eye Related Issues",Thrice a month,
6/19/2021 18:16:44,Male,16 to 20,U.G,Student,10 to 20 AgeGroup,"WhatsApp, LinkedIn, Zoom/Google Meet etc., Telegram, Netflix",Daily,"Mobile, Laptop",Every 3-4 hours,1-2 hours,"To make friends, To socialize casually, Online Gaming, Studying","During my free time, While at school/university/work",No,"Back Pain, Anxiety, Eye Related Issues",Thrice a month,
6/19/2021 18:18:21,Female,20 to 30,Graduate,Student,10 to 20 AgeGroup,"WhatsApp, Instagram, LinkedIn, Zoom/Google Meet etc., Telegram",Daily,Mobile,Every day,1-2 hours,"To socialize casually, Studying",During my free time,No,Eye Related Issues,Once a month,
6/19/2021 18:23:10,Male,16 to 20,Graduate,Student,10 to 20 AgeGroup,"Facebook, WhatsApp, Instagram, Netflix",Daily,Mobile,Every 5-15 minutes,3-4 hours,"To make friends, To promote products/services, Online Gaming, Studying",During my free time,Yes,Mood swings,Once a month,??
6/19/2021 18:36:10,Male,20 to 30,P.G,Student,10 to 20 AgeGroup,"Facebook, Twitter, WhatsApp, Telegram",Every hour,Mobile,Every 5-15 minutes,More than 4 hours,"To socialize casually, To find employment, Entertainment","During my free time, During meal times",Yes,"Back Pain, Headache, Anxiety, Eye Related Issues, Mood swings",Twice a week,
6/19/2021 18:38:42,Female,20 to 30,P.G,Student,10 to 20 AgeGroup,"Facebook, WhatsApp, Instagram, LinkedIn, Zoom/Google Meet etc., Telegram",Daily,"Mobile, Laptop",Every 3-4 hours,More than 4 hours,"To find employment, Studying",During my free time,Yes,Eye Related Issues,Once a month,"I think, this is not addiction, it's one of the source of getting more and more knowledge"
6/19/2021 18:41:25,Female,20 to 30,P.G,Student,10 to 20 AgeGroup,"Facebook, WhatsApp, Instagram, Zoom/Google Meet etc., Telegram",Every hour,Mobile,Every day,1-2 hours,"To make friends, To socialize casually",During my free time,Yes,"Headache, Eye Related Issues",Once a month,
6/19/2021 18:50:23,Male,20 to 30,Graduate,Student,10 to 20 AgeGroup,"Facebook, WhatsApp, Instagram, LinkedIn, Zoom/Google Meet etc., Telegram",Daily,Mobile,Every day,1-2 hours,To socialize casually,"During my free time, During meal times",Yes,"Back Pain, Mood swings",Twice a week,
6/19/2021 18:52:27,Female,20 to 30,Graduate,Housewife,20 to 30 AgeGroup,"Facebook, Twitter, WhatsApp, Instagram, LinkedIn, Telegram, Netflix",Daily,Mobile,Every day,An hour,To socialize casually,During my free time,Yes,Headache,Once a month,Nothing is bad.. Until we make it bad.. 
6/19/2021 18:53:40,Female,16 to 20,U.G,Student,10 to 20 AgeGroup,"Facebook, Twitter, WhatsApp, Instagram, LinkedIn, Zoom/Google Meet etc., Telegram",Once a week,"Mobile, Laptop",Every day,Less than 30 mins,"To make friends, To socialize casually, Studying",During my free time,No,Mood swings,Once a month,"Limited use of social media is a good thing. It is helpfull, informative.  "
6/19/2021 18:55:31,Female,20 to 30,P.G,Student,10 to 20 AgeGroup,"WhatsApp, Instagram, Zoom/Google Meet etc., Telegram",Daily,Mobile,Every day,An hour,"To make friends, Studying",During my free time,Yes,Eye Related Issues,Once a month,Social media is thing which having Advantages and disadvantages also . Focused on Advantages it is good for knowledge and studying new things. 
6/19/2021 18:56:23,Male,20 to 30,U.G,Student,10 to 20 AgeGroup,"Facebook, WhatsApp, Instagram, LinkedIn, Zoom/Google Meet etc., Telegram",Daily,Mobile,Every 3-4 hours,An hour,"To socialize casually, To find employment, Online Gaming, Studying",During my free time,Yes,"Back Pain, Eye Related Issues",Once a month,Social media has made humans as products for themselves which is not at all good but we are so addicted to it now a days that staying away from it is quite hard sometimes 
6/19/2021 18:58:47,Female,20 to 30,P.G,Student,20 to 30 AgeGroup,"WhatsApp, Instagram, LinkedIn, Zoom/Google Meet etc., Telegram, Snapchat, intershala, naukri. Com",Daily,"Mobile, Laptop",Every hour,More than 4 hours,"To make friends, Studying, Chatting, searching",During my free time,Yes,"Back Pain, Eye Related Issues",Once a week,Yes addicted Somelittel
6/19/2021 18:58:49,Male,20 to 30,Graduate,Employee,10 to 20 AgeGroup,"Facebook, Twitter, WhatsApp, Instagram, LinkedIn, Zoom/Google Meet etc., Telegram, Netflix",Daily,Mobile,Every hour,3-4 hours,"To socialize casually, To promote products/services, Event planning, To find employment",During my free time,Yes,Headache,Once a month,
6/19/2021 19:00:25,Female,20 to 30,P.G,Student,10 to 20 AgeGroup,"Facebook, WhatsApp, Instagram, LinkedIn, Zoom/Google Meet etc., Telegram",Every hour,"Mobile, Laptop",Every 5-15 minutes,More than 4 hours,"To socialize casually, To find employment, Studying","During my free time, While at school/university/work",Yes,"Back Pain, Headache, Depression, Eye Related Issues, Mood swings",Everyday,
6/19/2021 19:06:25,Female,20 to 30,U.G,Student,10 to 20 AgeGroup,WhatsApp,Daily,Mobile,Every 3-4 hours,3-4 hours,Studying,During my free time,Yes,"Back Pain, Headache, Eye Related Issues",Once a week,
6/19/2021 19:08:02,Male,20 to 30,U.G,Student,20 to 30 AgeGroup,"Facebook, Twitter, WhatsApp, Instagram, LinkedIn, Zoom/Google Meet etc., Telegram, Netflix",Every other day,"Mobile, Desktop",Every 3-4 hours,An hour,"To promote products/services, To find employment, Online Gaming, Studying",During my free time,No,Anxiety,Once a month,
6/19/2021 19:09:52,Female,20 to 30,Graduate,Student,10 to 20 AgeGroup,"WhatsApp, Instagram, Zoom/Google Meet etc., Telegram",Daily,Mobile,Every 3-4 hours,Less than 30 mins,Studying,During my free time,No,Mood swings,Once a month,
6/19/2021 19:12:05,Female,20 to 30,U.G,Student,10 to 20 AgeGroup,"Facebook, Twitter, WhatsApp, Instagram, LinkedIn, Zoom/Google Meet etc., Telegram",Daily,"Mobile, Laptop",Every 3-4 hours,An hour,Studying,"During my free time, During meal times",Yes,"Back Pain, Headache",Once a month,Not so good habit
6/19/2021 19:12:27,Female,20 to 30,P.G,Student,20 to 30 AgeGroup,"Facebook, Twitter, WhatsApp, Instagram, LinkedIn, Zoom/Google Meet etc., Telegram",Daily,"Mobile, Laptop",Every day,3-4 hours,"To make friends, To find employment, Online Gaming, Studying",During my free time,Yes,"Headache, Mood swings",Once a month,"Social media addiction is a behavioral addiction that is defined by being overly concerned about social media, driven by an uncontrollable urge to log on to or use social media"
6/19/2021 19:12:46,Male,20 to 30,Graduate,Student,10 to 20 AgeGroup,"Facebook, Twitter, WhatsApp, Instagram, LinkedIn, Telegram",Daily,Mobile,Every 3-4 hours,1-2 hours,"To make friends, To socialize casually","During my free time, During meal times",Yes,"Anxiety, Eye Related Issues, Mood swings",Once a month,
6/19/2021 19:14:31,Female,20 to 30,Graduate,Student,10 to 20 AgeGroup,"WhatsApp, Instagram, LinkedIn, Zoom/Google Meet etc., Telegram, Snap chat",Daily,"Mobile, Laptop",Every 3-4 hours,More than 4 hours,"To make friends, To socialize casually, Studying","During my free time, While at school/university/work, During social occasions",Yes,Back Pain,Once a week,Social media is not good for our physical health. It has some good uses for us but it is difficult for a person to get out of it.But we should try to reduce its use.
6/19/2021 19:15:11,Female,20 to 30,U.G,Student,10 to 20 AgeGroup,"Facebook, Twitter, WhatsApp, Instagram, Zoom/Google Meet etc., Telegram",Daily,Mobile,Every 5-15 minutes,1-2 hours,"To make friends, To socialize casually, Studying","During my free time, While at school/university/work, During social occasions",Yes,"Headache, Eye Related Issues",Once a month,It's addictive !!! 
6/19/2021 19:16:41,Female,20 to 30,P.G,Housewife,10 to 20 AgeGroup,"Facebook, Twitter, WhatsApp, Instagram, LinkedIn, Zoom/Google Meet etc., Telegram",Every other day,Mobile,Every day,An hour,To socialize casually,During my free time,No,Headache,Once a month,Yes definately It is increasing day by day. But somehow I found some people really using this platform to enhancè there career. Yes It has pros and cons
6/19/2021 19:25:50,Female,20 to 30,Graduate,Student,10 to 20 AgeGroup,"Twitter, WhatsApp, Instagram, LinkedIn, Zoom/Google Meet etc., Telegram",Daily,"Mobile, Laptop",Every hour,3-4 hours,"To socialize casually, To find employment, Online Gaming, Studying","During my free time, During social occasions, During meal times",No,"Back Pain, Headache, Mood swings",Everyday,social media is meant to be mentally fun but it is actually affecting more 
6/19/2021 19:33:57,Female,20 to 30,U.G,Student,10 to 20 AgeGroup,"WhatsApp, Instagram, LinkedIn, Zoom/Google Meet etc., Telegram",Daily,Mobile,Every 3-4 hours,3-4 hours,"To socialize casually, Studying","During my free time, While at school/university/work",Yes,"Back Pain, Headache, Anxiety, Mood swings",Once a month,Social media is ruining so many things like innocence in 10-15 old kids.
6/19/2021 19:38:13,Male,16 to 20,U.G,Student,10 to 20 AgeGroup,"Facebook, Twitter, WhatsApp, Instagram, Zoom/Google Meet etc., Telegram",Daily,Mobile,Every hour,1-2 hours,"To make friends, Studying",During my free time,Yes,Headache,Once a month,??
6/19/2021 19:46:15,Female,20 to 30,Civil diploma,Student,20 to 30 AgeGroup,"Instagram, Zoom/Google Meet etc., Telegram",Every other day,Mobile,Not at all,Less than 30 mins,To make friends,While at school/university/work,Yes,Mood swings,Once a month,Nice 
6/19/2021 19:47:14,Female,20 to 30,Graduate,Student,20 to 30 AgeGroup,"WhatsApp, Instagram, Zoom/Google Meet etc., Telegram, Netflix",Daily,Mobile,Every day,An hour,To socialize casually,During my free time,Yes,Mood swings,Once a month,Can be controlled if social media is used properly you can benifit out it
6/19/2021 19:55:43,Male,20 to 30,Graduate,,20 to 30 AgeGroup,WhatsApp,Daily,Mobile,Every 3-4 hours,An hour,To make friends,During my free time,Yes,Back Pain,Everyday,Yes 
6/19/2021 19:56:18,Male,20 to 30,Graduate,Student,10 to 20 AgeGroup,"Facebook, Twitter, WhatsApp, Instagram, LinkedIn, Zoom/Google Meet etc., Telegram",Daily,"Mobile, Laptop",Every 5-15 minutes,More than 4 hours,"To socialize casually, Online Gaming, Studying","During my free time, While at school/university/work, During social occasions, During meal times",Yes,"Headache, Depression, Eye Related Issues, Mood swings",Everyday,It affects based on use
6/19/2021 20:00:26,Female,20 to 30,Graduate,Employee,10 to 20 AgeGroup,Telegram,Every two days,Mobile,Every day,Less than 30 mins,Studying,,Yes,Headache,Once a month,It's good if you put a limit on your use
6/19/2021 20:01:17,Female,20 to 30,Graduate,Student,10 to 20 AgeGroup,"WhatsApp, LinkedIn, Zoom/Google Meet etc.",Daily,Mobile,Every 3-4 hours,Less than 30 mins,"To make friends, To socialize casually, Studying",During my free time,Yes,"Headache, Anxiety, Eye Related Issues, Mood swings",Once a month,It's addictive
6/19/2021 20:02:01,Male,20 to 30,U.G,Student,4 to 10 AgeGroup,"Facebook, Twitter, WhatsApp, Instagram, LinkedIn, Zoom/Google Meet etc., Telegram, Netflix",Every hour,Mobile,Every hour,More than 4 hours,"To make friends, To socialize casually, Online Gaming, Studying",During my free time,Yes,"Headache, Eye Related Issues, Mood swings",Everyday,Bad 
6/19/2021 20:07:13,Female,16 to 20,Graduate,Student,10 to 20 AgeGroup,"WhatsApp, Instagram, Zoom/Google Meet etc.",Daily,Mobile,Every 5-15 minutes,Less than 30 mins,To make friends,During social occasions,No,Eye Related Issues,Twice a week,Yes
6/19/2021 20:09:56,Female,20 to 30,U.G,Student,10 to 20 AgeGroup,"Facebook, Twitter, WhatsApp, Instagram, LinkedIn, Zoom/Google Meet etc., Telegram",Every two days,"Mobile, Laptop",Every day,1-2 hours,"To find employment, Studying","During my free time, While at school/university/work",No,Eye Related Issues,Once a month,We should use social media for being productive and not let social media to use us. 
6/19/2021 20:11:45,Female,20 to 30,Graduate,Entrepreneur,20 to 30 AgeGroup,"Facebook, WhatsApp, Instagram",Daily,Mobile,Every day,1-2 hours,Timepass,During my free time,Yes,Eye Related Issues,Once a month,Just timepass nothing else
6/19/2021 20:14:31,Female,20 to 30,U.G,Student,10 to 20 AgeGroup,"WhatsApp, Zoom/Google Meet etc., Telegram",Daily,Mobile,Every day,Less than 30 mins,Studying,During my free time,No,Eye Related Issues,Twice a week,Good
6/19/2021 20:18:35,Male,16 to 20,Graduate,Student,10 to 20 AgeGroup,"Facebook, WhatsApp, Instagram, Zoom/Google Meet etc., Telegram",Daily,Mobile,Every 3-4 hours,3-4 hours,"To make friends, To socialize casually, Online Gaming, Studying",During my free time,Yes,Mood swings,Twice a week,Nope
6/19/2021 20:20:54,Male,20 to 30,Graduate,Businessman ,10 to 20 AgeGroup,"Facebook, Twitter, WhatsApp, Instagram, Zoom/Google Meet etc., Netflix",Daily,Mobile,Every 3-4 hours,An hour,To socialize casually,During my free time,Yes,Anxiety,Once a month,It has more cons  than pros
6/19/2021 20:23:01,Female,20 to 30,U.G,Student,20 to 30 AgeGroup,"Facebook, WhatsApp, Instagram, Zoom/Google Meet etc., Telegram",Every other day,"Mobile, Tablet, Laptop",Every hour,1-2 hours,"To make friends, To socialize casually, Studying","During my free time, During social occasions, During meal times",Yes,"Eye Related Issues, Mood swings",Once a week,I am not addicted with social media 
6/19/2021 20:23:10,Male,16 to 20,Graduate,Student,10 to 20 AgeGroup,"Facebook, WhatsApp, Instagram",Every hour,Mobile,Every hour,More than 4 hours,"To make friends, To socialize casually","During my free time, While at school/university/work, During social occasions, During meal times",Yes,"Back Pain, Headache, Depression, Anxiety, Eye Related Issues, Mood swings",Once a month, 
6/19/2021 20:23:54,Male,20 to 30,Graduate,Employee,10 to 20 AgeGroup,"Facebook, Twitter, WhatsApp, Instagram, LinkedIn, Zoom/Google Meet etc., Telegram, Netflix, Hago, ola party, Amazon prime, Sony live, etc",Daily,"Mobile, Laptop, Desktop",Every 5-15 minutes,More than 4 hours,"To make friends, Online Gaming, ***************",During my free time,Yes,Mood swings,Once a month,****** ***** **** *** ** * no comments * ** *** **** ***** ******
6/19/2021 20:24:17,Female,20 to 30,Graduate,Student,20 to 30 AgeGroup,"WhatsApp, Instagram, Zoom/Google Meet etc.",Daily,Mobile,Every hour,Less than 30 mins,"To make friends, Studying","During my free time, While at school/university/work, During social occasions, During meal times",Yes,"Headache, Depression, Eye Related Issues",Everyday,Is really bad habit
6/19/2021 20:25:52,Female,30 to 50,P.G,Entrepreneur,20 to 30 AgeGroup,"Facebook, WhatsApp, Instagram, LinkedIn, Zoom/Google Meet etc., Telegram",Daily,Mobile,Every 5-15 minutes,3-4 hours,"To make friends, To socialize casually, To promote products/services, Event planning, Online Gaming","During my free time, During social occasions, During meal times",Yes,"Eye Related Issues, Mood swings",Thrice a month,"Social media is a necessary evil when u use it to promote a business, like i do. Acquaintances also demand ur time on social media and u r bullied into following ""acceptable behavior"" of quick responses etc. "
6/19/2021 20:26:53,Female,20 to 30,U.G,Student,10 to 20 AgeGroup,"WhatsApp, Instagram",Daily,Mobile,Every day,1-2 hours,"To socialize casually, Studying",While at school/university/work,Yes,Mood swings,Once a month,If u make a use of social media for good purposes then it is ok but if u r wasting ur time on social media then it is definitely harmful for ur physical as well as mental health...brain heart related problems behavior issues will be definitely joined u for life time
6/19/2021 20:35:35,Male,20 to 30,Graduate,Entrepreneur,10 to 20 AgeGroup,"Facebook, WhatsApp, Instagram, Netflix",Every hour,Mobile,Every hour,More than 4 hours,"To make friends, Online Gaming","During my free time, During meal times",Yes,"Back Pain, Depression",Thrice a month,Nothing 
6/19/2021 20:35:55,Female,20 to 30,Graduate,Student,10 to 20 AgeGroup,"Facebook, WhatsApp, Instagram, LinkedIn, Zoom/Google Meet etc., Telegram",Daily,Mobile,Every day,An hour,"To make friends, To socialize casually, To find a suitable date, Studying",During my free time,Yes,"Anxiety, Eye Related Issues",Once a month,Social media is helpful but excessive use is not good.
6/19/2021 20:36:04,Female,16 to 20,Student,Student,10 to 20 AgeGroup,WhatsApp,Daily,Mobile,Not at all,More than 4 hours,Studying,During my free time,Yes,Back Pain,Everyday,No
6/19/2021 20:43:58,Male,20 to 30,U.G,Student,10 to 20 AgeGroup,"Facebook, WhatsApp, Instagram, LinkedIn, Zoom/Google Meet etc., Telegram",Daily,Mobile,Every day,An hour,"To make friends, To socialize casually, To find a suitable date, To find employment",During my free time,Yes,"Headache, Mood swings",Once a month,It is addiction as well as need. Every coin has two sides. It depends on individual.
6/19/2021 20:48:51,Male,20 to 30,P.G,Employee,10 to 20 AgeGroup,"Facebook, WhatsApp, Instagram, LinkedIn, Telegram, Netflix",Every other day,Mobile,Every day,3-4 hours,"To socialize casually, To find employment","During my free time, During meal times",No,Eye Related Issues,Once a month,Really bad
6/19/2021 20:53:15,Female,20 to 30,P.G,Student,10 to 20 AgeGroup,"Facebook, Twitter, WhatsApp, LinkedIn, Zoom/Google Meet etc., Telegram",Every hour,"Mobile, Laptop",Every hour,More than 4 hours,"To socialize casually, To find employment, Online Gaming","During my free time, While at school/university/work, During social occasions, During meal times",Yes,"Back Pain, Headache, Depression, Anxiety, Eye Related Issues, Mood swings",Everyday,Addiction is increasing day by day
6/19/2021 20:58:23,Male,20 to 30,P.G,Student,10 to 20 AgeGroup,"Facebook, Twitter, WhatsApp, Instagram, LinkedIn, Zoom/Google Meet etc., Telegram, Netflix",Daily,"Mobile, Laptop",Every 3-4 hours,1-2 hours,"To make friends, To socialize casually, To find employment, Studying",During my free time,Yes,"Back Pain, Headache, Depression, Anxiety, Eye Related Issues, Mood swings",Once a month,I know i am addicted. I am trying to restrict it. I use focus mode or digital wellbeing to block apps while doing important works. 
6/19/2021 21:19:31,,20 to 30,P.G,Employee,10 to 20 AgeGroup,"Facebook, Twitter, WhatsApp, Instagram, LinkedIn, Zoom/Google Meet etc., Netflix",Daily,"Mobile, Laptop",Every hour,1-2 hours,"To find employment, Online Gaming, Studying",During my free time,Yes,Mood swings,Once a month,Its good until u make use of it else it's useless
6/19/2021 21:28:50,Male,20 to 30,Graduate,Service,20 to 30 AgeGroup,"Facebook, WhatsApp, Instagram, Telegram",Every hour,Mobile,Every 5-15 minutes,More than 4 hours,"To make friends, To socialize casually","During my free time, During meal times",Yes,"Depression, Anxiety, Mood swings",Once a month,Hell
6/19/2021 21:39:01,Male,20 to 30,U.G,Student,10 to 20 AgeGroup,"Facebook, Twitter, WhatsApp, Instagram, LinkedIn, Zoom/Google Meet etc., Telegram, Netflix",Every hour,"Mobile, Laptop",Every hour,1-2 hours,"To make friends, To socialize casually","During my free time, During social occasions, During meal times",Yes,Eye Related Issues,Once a month,I spend 3-4 hours a day in lockdown. Now when i am going to office for work i use only 1 hour max
6/19/2021 21:41:34,Male,16 to 20,U.G,Student,10 to 20 AgeGroup,"Facebook, Twitter, WhatsApp, Instagram, LinkedIn, Zoom/Google Meet etc., Telegram, Tinder",Every hour,"Mobile, Laptop",Every 5-15 minutes,More than 4 hours,"To make friends, To promote products/services, Studying","During my free time, During social occasions",Yes,"Depression, Anxiety, Eye Related Issues, Mood swings",Twice a week,Till limit it's ohk but we can't do anything everything is social media only from news study business none is offline
6/19/2021 22:06:55,,20 to 30,Graduate,unemployed,10 to 20 AgeGroup,"WhatsApp, Telegram",Daily,Laptop,Not at all,More than 4 hours,other,other,Yes,Mood swings,Everyday,govt is responsible
6/19/2021 22:16:27,Female,20 to 30,Graduate,Student,10 to 20 AgeGroup,"WhatsApp, Instagram, Zoom/Google Meet etc., Telegram",Daily,"Mobile, Laptop",Every 5-15 minutes,More than 4 hours,"Event planning, Studying",During my free time,Yes,"Back Pain, Headache, Depression, Eye Related Issues, Mood swings",Twice a week,"Its not good for our health...many problems occurred during online college, lectures,study"
6/19/2021 22:38:16,Female,20 to 30,Graduate,Unemployed,20 to 30 AgeGroup,"Facebook, Twitter, WhatsApp, Instagram, Zoom/Google Meet etc., Telegram",Daily,Mobile,Every 5-15 minutes,More than 4 hours,Entertainment purpose,During my free time,Yes,"Back Pain, Headache, Depression, Anxiety, Eye Related Issues, Mood swings",Everyday,"social media use can also negatively affect teens, distracting them, disrupting their sleep, and exposing them to bully"
6/19/2021 23:15:15,Male,20 to 30,U.G,Student,10 to 20 AgeGroup,"Facebook, WhatsApp, Instagram, Zoom/Google Meet etc., Telegram",Daily,"Mobile, Laptop",Every day,More than 4 hours,"To make friends, Studying",,Yes,"Back Pain, Mood swings",Once a month,No
6/19/2021 23:26:28,Male,20 to 30,Graduate,Entrepreneur,10 to 20 AgeGroup,"Facebook, WhatsApp, Instagram, LinkedIn, Telegram",Every hour,,Every 3-4 hours,1-2 hours,"To make friends, To socialize casually, Online Gaming","During my free time, During social occasions, During meal times",Yes,"Headache, Anxiety, Mood swings",Everyday,May be addicted
6/19/2021 23:40:28,Male,20 to 30,Graduate,Student,10 to 20 AgeGroup,"Facebook, WhatsApp, Instagram, LinkedIn, Zoom/Google Meet etc., Telegram, Netflix",Every other day,Mobile,Every 3-4 hours,1-2 hours,"To socialize casually, To find employment, Studying","During my free time, During meal times",Yes,Mood swings,Once a month,Addiction depends upon us
6/20/2021 1:23:51,Male,20 to 30,Graduate,Employee,10 to 20 AgeGroup,"Facebook, Twitter, WhatsApp, Instagram, LinkedIn, Telegram, Netflix",Every hour,Mobile,Every 3-4 hours,3-4 hours,"To make friends, To socialize casually, To find a suitable date",During my free time,Yes,Anxiety,Once a month,Okay
6/20/2021 7:29:10,Male,16 to 20,Ssc,Student,10 to 20 AgeGroup,"Facebook, WhatsApp, Instagram, Telegram",Daily,Mobile,Every day,1-2 hours,To socialize casually,During my free time,Yes,Mood swings,Once a month,"Its usefulness depends upon how u use them 
"
6/20/2021 7:44:03,Female,20 to 30,Graduate,Housewife,10 to 20 AgeGroup,"WhatsApp, Instagram, LinkedIn, Zoom/Google Meet etc., Telegram, Netflix",Every hour,"Mobile, Tablet",Every hour,An hour,Studying,During my free time,Yes,Mood swings,Everyday,There is no addiction related to social media it is helpful
6/20/2021 7:45:37,Male,30 to 50,Graduate,Employee,30 to 50 AgeGroup,"Facebook, WhatsApp, LinkedIn, Telegram",Daily,Mobile,Every hour,1-2 hours,Official work,While at school/university/work,Yes,Anxiety,Once a month,Need to reduce screen time
6/20/2021 8:00:44,Female,20 to 30,P.G,Student,20 to 30 AgeGroup,"Facebook, WhatsApp, Instagram, Zoom/Google Meet etc., Telegram",Daily,Mobile,Not at all,1-2 hours,"To make friends, Studying",During my free time,No,Eye Related Issues,Once a week,..
6/20/2021 8:49:35,Female,20 to 30,P.G,Student,10 to 20 AgeGroup,"Facebook, Twitter, WhatsApp, Instagram, LinkedIn, Zoom/Google Meet etc., Telegram",Daily,"Mobile, Laptop",Every 3-4 hours,More than 4 hours,"To socialize casually, To find employment, Online Gaming, Studying","During my free time, During social occasions",Yes,"Headache, Mood swings",Once a month,.
6/20/2021 8:50:41,Male,50 above,U.G,Service,10 to 20 AgeGroup,"Facebook, WhatsApp, Zoom/Google Meet etc.",Daily,Mobile,Every day,1-2 hours,To socialize casually,During my free time,Yes,Back Pain,Once a month,As a aged person I need social media for Time passing and I'm not sure I'm addicted or not 
6/20/2021 8:54:13,Female,50 above,U.G,Retired ,20 to 30 AgeGroup,"WhatsApp, YouTube ",Daily,Mobile,Every day,3-4 hours,To learn from YouTube ,During my free time,No,Headache,Thrice a month,I use social media for watching recipe videos. So I don't think I'm addicted 
6/20/2021 8:56:49,Female,Below 16,11th,Student,10 to 20 AgeGroup,"WhatsApp, Zoom/Google Meet etc., YouTube ",Daily,Mobile,Every day,3-4 hours,Studying,During my free time,Yes,"Headache, Eye Related Issues, Mood swings",Once a week,Studentneeds it now a days for study but it is addictive if we don't use it properly.
6/20/2021 9:15:02,Male,20 to 30,Graduate,Service,20 to 30 AgeGroup,Telegram,Daily,"Mobile, Laptop, Desktop",Every 5-15 minutes,More than 4 hours,Studying,During my free time,Yes,"Back Pain, Headache, Depression, Anxiety, Eye Related Issues, Mood swings",Everyday,Nothing
6/20/2021 10:35:22,Male,20 to 30,Graduate,Employee,20 to 30 AgeGroup,"Twitter, WhatsApp, Instagram, LinkedIn, Zoom/Google Meet etc., Telegram",Daily,Mobile,Not at all,Less than 30 mins,"To socialize casually, To find employment, Studying",During my free time,No,Mood swings,Once a week,No Opinion
6/20/2021 11:46:55,Male,20 to 30,Graduate,Student,10 to 20 AgeGroup,"WhatsApp, Instagram, Zoom/Google Meet etc., Telegram",Every hour,Mobile,Every 5-15 minutes,More than 4 hours,"To make friends, To find employment, Studying",During my free time,Yes,"Headache, Anxiety",Everyday,Social media addiction is very bad for health.we never realise that it's an addiction.for the sake of entertainment and other things we spend very much time of a day.make some strategy to vanish this addiction.
6/20/2021 13:21:49,Female,30 to 50,Graduate,Employee,30 to 50 AgeGroup,"Facebook, WhatsApp, Zoom/Google Meet etc.",Daily,Mobile,Every day,Less than 30 mins,"To make friends, To socialize casually, Online Gaming, Studying",During my free time,Yes,Eye Related Issues,Once a month,It is very useful in every day life for acquiring the knowledge but over use of it can affect our health.
6/20/2021 13:23:48,Female,30 to 50,Graduate,Housewife,20 to 30 AgeGroup,"Facebook, WhatsApp, Instagram, Zoom/Google Meet etc., Telegram",Daily,Mobile,Not at all,1-2 hours,To socialize casually,During my free time,Yes,Back Pain,Once a month,Not useful for health in large 
6/20/2021 15:04:09,Male,20 to 30,U.G,Entrepreneur,10 to 20 AgeGroup,"Facebook, WhatsApp, Instagram, Telegram, Netflix",Daily,Mobile,Every 3-4 hours,3-4 hours,"To socialize casually, To promote products/services",During my free time,Yes,"Headache, Eye Related Issues",Once a week,Usage should be moderate & productive 
6/20/2021 15:26:08,Female,20 to 30,Graduate,Employee,10 to 20 AgeGroup,"Facebook, WhatsApp, Instagram, LinkedIn, Zoom/Google Meet etc., Telegram",Daily,"Mobile, Laptop",Every 3-4 hours,1-2 hours,"To make friends, Studying","During my free time, During social occasions",No,Mood swings,Once a month,Very helpful search new technology
6/20/2021 16:01:35,Female,20 to 30,U.G,Student,20 to 30 AgeGroup,"WhatsApp, Instagram, Zoom/Google Meet etc., Telegram",Daily,Mobile,Every 3-4 hours,1-2 hours,"To socialize casually, To find a suitable date",During my free time,No,"Headache, Eye Related Issues",Once a month,It's about ppl who take it otherways 
6/20/2021 16:01:43,Female,20 to 30,P.G,Student,20 to 30 AgeGroup,"Facebook, WhatsApp, Instagram, Zoom/Google Meet etc., Telegram",Daily,"Mobile, Laptop",Every 3-4 hours,More than 4 hours,Studying,"During my free time, While at school/university/work, During social occasions",Yes,"Headache, Eye Related Issues, Mood swings",Once a week,No
6/20/2021 16:33:28,Female,16 to 20,U.G,Student,10 to 20 AgeGroup,"WhatsApp, Zoom/Google Meet etc.",Daily,"Mobile, Tablet",Every day,More than 4 hours,"Online Gaming, Studying","During my free time, While at school/university/work",Yes,Headache,Once a month,No
6/20/2021 16:34:23,Female,Below 16,U.G,Student,10 to 20 AgeGroup,"WhatsApp, Zoom/Google Meet etc.",Daily,"Mobile, Tablet",Every day,More than 4 hours,"To make friends, Online Gaming, Studying","During my free time, While at school/university/work",No,Eye Related Issues,Once a week,  
6/20/2021 16:35:41,Male,16 to 20,U.G,Student,10 to 20 AgeGroup,"Facebook, Twitter, WhatsApp, Instagram, Zoom/Google Meet etc., Telegram, Netflix",Every hour,Mobile,Every hour,More than 4 hours,"To make friends, To socialize casually, To find employment, Online Gaming, Studying","During my free time, While at school/university/work",Yes,"Headache, Eye Related Issues, Mood swings",Once a month, 
6/20/2021 16:40:38,Male,16 to 20,Graduate,Student,10 to 20 AgeGroup,"Facebook, Twitter, WhatsApp, Instagram, LinkedIn, Zoom/Google Meet etc.",Daily,Mobile,Every day,1-2 hours,Studying,During my free time,Yes,Mood swings,Everyday,Social media is not bad it helps us a lot it depend on person to person some one use social media for study purpose and someone use This for intertainment purpose .its better if we spent time for gaining good things .but someone goes to addicted to play social media like gaming chatting video .it is not good .so we should use this in a positive way
6/20/2021 16:42:18,Male,20 to 30,P.G,Employee,20 to 30 AgeGroup,"Facebook, WhatsApp, LinkedIn, Zoom/Google Meet etc.",Every hour,"Mobile, Laptop",Every hour,An hour,"To make friends, Office work","During my free time, While at school/university/work, For office work",Yes,Headache,Once a week,Maximum Use must be for Official work . No doubt for entertainment and mood fresh but in limit..
6/20/2021 16:54:57,Female,20 to 30,Graduate,Employee,20 to 30 AgeGroup,"Facebook, WhatsApp, Instagram, LinkedIn, Zoom/Google Meet etc.",Daily,Mobile,Every hour,3-4 hours,"To make friends, To socialize casually",During my free time,Yes,Headache,Once a month,"Due to pandemic younger generation is highly addicted to social media, which is not good for there health."
6/20/2021 16:56:26,Female,16 to 20,Graduate,Student,10 to 20 AgeGroup,Instagram,Daily,Mobile,Every 3-4 hours,1-2 hours,To promote products/services,During my free time,Yes,Eye Related Issues,Once a month,Social media is important because it's helpful in our life problems
6/20/2021 17:05:24,Female,20 to 30,P.G,Housewife,20 to 30 AgeGroup,"WhatsApp, Telegram",Every hour,Mobile,Every day,An hour,Studying,During my free time,Yes,"Eye Related Issues, Mood swings",Once a month,Social media addiction is very dangerous. So much time spending on this media without any benefits. 
6/20/2021 17:09:47,Female,20 to 30,Graduate,Student,10 to 20 AgeGroup,"Facebook, Twitter, WhatsApp, Instagram, LinkedIn, Zoom/Google Meet etc., Telegram, Netflix",Every hour,"Mobile, Laptop",Every hour,An hour,"To socialize casually, To find employment, Studying","During my free time, During meal times",Yes,"Back Pain, Depression, Mood swings",Once a week,A lot of teens feel addicted to social media.
6/20/2021 17:13:40,Female,20 to 30,Graduate,Student,20 to 30 AgeGroup,"Facebook, WhatsApp, Instagram, Telegram",Daily,Mobile,Every day,More than 4 hours,"To make friends, Studying",During my free time,Yes,"Headache, Eye Related Issues",Once a month,"Good
"
6/20/2021 17:23:26,Female,20 to 30,P.G,Student,10 to 20 AgeGroup,"Facebook, WhatsApp, Instagram, Zoom/Google Meet etc., Telegram",Daily,Mobile,Every day,1-2 hours,"To make friends, To socialize casually, To find a suitable date, Event planning, Studying","During my free time, While at school/university/work",Yes,Mood swings,Once a week,It is good but only for a good work
6/20/2021 17:25:24,Female,20 to 30,U.G,Student,10 to 20 AgeGroup,"WhatsApp, Instagram, Zoom/Google Meet etc., Telegram",Daily,Mobile,Every hour,1-2 hours,"To socialize casually, Studying",During my free time,Yes,Eye Related Issues,Once a month,Social media is means of socialising but it had made people more asocial as people nowadays prefer to conduct their lives online. 
6/20/2021 18:19:00,Female,20 to 30,P.G,Employee,10 to 20 AgeGroup,"WhatsApp, Instagram, Zoom/Google Meet etc.",Daily,Mobile,Every hour,1-2 hours,"To find employment, Studying",During my free time,Yes,Headache,Once a month,No comment
6/20/2021 18:20:17,Female,20 to 30,U.G,Student,10 to 20 AgeGroup,"WhatsApp, Instagram, Zoom/Google Meet etc.",Daily,Mobile,Every 3-4 hours,1-2 hours,"To make friends, To socialize casually, Studying",During my free time,Yes,"Eye Related Issues, Mood swings",Once a week,"Yes, social media slowly becoming an addiction."
6/20/2021 18:40:10,Female,20 to 30,P.G,Student,20 to 30 AgeGroup,"WhatsApp, Instagram, Zoom/Google Meet etc., Telegram",Daily,Mobile,Every day,3-4 hours,"To make friends, To socialize casually, To promote products/services, Event planning, To find employment, Online Gaming, Studying","During my free time, During social occasions",Yes,"Headache, Mood swings",Once a month,Not soo good for health
6/20/2021 18:52:09,Female,20 to 30,P.G,Student,10 to 20 AgeGroup,"Facebook, WhatsApp, Instagram, LinkedIn, Zoom/Google Meet etc., Telegram",Daily,Mobile,Every 3-4 hours,3-4 hours,"To make friends, To socialize casually, To find employment, Studying",During my free time,Yes,"Back Pain, Headache, Eye Related Issues",Once a week,I think we should use it only when it is necessary. Otherwise we have avoid it as much as possible. But in this time of pandemic everyone is addicted with smartphone and social media even children are more addicted with smartphone and that is not good for their health. So we have to think about that. And minimize use of smartphone.
6/20/2021 19:38:22,Female,20 to 30,Graduate,Employee,20 to 30 AgeGroup,WhatsApp,Daily,Mobile,Every hour,More than 4 hours,Studying,During my free time,Yes,Headache,Everyday,Priyanka bhore
6/20/2021 19:42:28,Female,20 to 30,Graduate,Student,20 to 30 AgeGroup,"WhatsApp, Zoom/Google Meet etc.",Daily,"Mobile, Laptop",Every 3-4 hours,1-2 hours,Studying,During my free time,Yes,"Eye Related Issues, Mood swings",Once a month,It is helpful for studying but also harmful to health
6/20/2021 19:42:28,Female,20 to 30,Graduate,Student,20 to 30 AgeGroup,"WhatsApp, Zoom/Google Meet etc.",Daily,"Mobile, Laptop",Every 3-4 hours,1-2 hours,Studying,During my free time,Yes,"Eye Related Issues, Mood swings",Once a month,It is helpful for studying but also harmful to health
6/20/2021 20:57:27,Male,20 to 30,U.G,Student,10 to 20 AgeGroup,"Facebook, Twitter, WhatsApp, Instagram, Zoom/Google Meet etc., Telegram",Every hour,Mobile,Every hour,3-4 hours,"To make friends, To socialize casually, Online Gaming, Studying",During my free time,Yes,"Back Pain, Headache, Depression, Anxiety, Eye Related Issues, Mood swings",Once a week,Social media can  affect our day to day life. Now teenagers gets very addicted but it's responsibility of their parents give them mobiles only for study and By social media addiction today's generation forget about outdoor games. 
6/20/2021 21:18:10,Male,16 to 20,12 th pass,Student,10 to 20 AgeGroup,"WhatsApp, Instagram",Daily,Mobile,Every hour,1-2 hours,To socialize casually,During my free time,No,Mood swings,Once a month,It's a good when you use the less time
6/20/2021 22:01:09,Female,20 to 30,U.G,Student,10 to 20 AgeGroup,WhatsApp,Daily,Mobile,Every hour,3-4 hours,To socialize casually,During my free time,Yes,Mood swings,Once a month,No
6/20/2021 22:07:08,Female,20 to 30,U.G,Student,10 to 20 AgeGroup,"Facebook, WhatsApp, Instagram, LinkedIn, Zoom/Google Meet etc., Telegram",Daily,Mobile,Every 3-4 hours,1-2 hours,"To make friends, Studying",During my free time,Yes,Headache,Once a month,. 
6/20/2021 22:10:49,Female,16 to 20,Engineering,Student,10 to 20 AgeGroup,"WhatsApp, Zoom/Google Meet etc.",Daily,Mobile,Every day,Less than 30 mins,"To make friends, Studying","During my free time, While at school/university/work",Yes,"Back Pain, Eye Related Issues",Everyday,Whether we use social media to connect with friends.
6/20/2021 22:11:28,Female,16 to 20,U.G,Student,20 to 30 AgeGroup,"WhatsApp, Instagram",Daily,Mobile,Every day,Less than 30 mins,Studying,During my free time,No,Eye Related Issues,Twice a week,Not good
6/20/2021 22:13:28,Female,20 to 30,U.G,Student,10 to 20 AgeGroup,"Facebook, Twitter, WhatsApp, Instagram, LinkedIn, Zoom/Google Meet etc., Telegram",Daily,"Mobile, Laptop",Every 3-4 hours,3-4 hours,"To make friends, To socialize casually, To find employment, Studying",During my free time,Yes,"Headache, Anxiety, Mood swings",Twice a week,Some people forget to live in real life due to more use of social media. Comparison is increased because of social media .People forget to travel in nature which is really good for health.Social media is good sometimes but more use of it can cause mental and health issues.
6/20/2021 22:18:04,Female,16 to 20,U.G,Student,10 to 20 AgeGroup,"WhatsApp, Instagram, Zoom/Google Meet etc., Telegram",Daily,Mobile,Every day,More than 4 hours,Studying,While at school/university/work,Yes,Mood swings,Once a month,No
6/20/2021 22:32:00,Female,16 to 20,U.G,Student,10 to 20 AgeGroup,"WhatsApp, Instagram, Zoom/Google Meet etc., Telegram",Every other day,Mobile,Every day,1-2 hours,"To make friends, To socialize casually, Studying","During my free time, During social occasions",Yes,"Anxiety, Eye Related Issues, Mood swings",Once a month,Yes social media has became a serious issues and addiction of every person in today generation.
6/20/2021 22:34:29,Female,20 to 30,U.G,Student,10 to 20 AgeGroup,"Facebook, Twitter, WhatsApp, Instagram, LinkedIn, Zoom/Google Meet etc., Telegram",Daily,Mobile,Every 3-4 hours,More than 4 hours,"To make friends, To find employment, Online Gaming, Studying","During my free time, During social occasions, During meal times",Yes,"Headache, Depression, Anxiety, Eye Related Issues, Mood swings",Thrice a month,"It's good but we have to make choice whether we have to take good or bad from that ...we have to take advantage of it for studying or study by seeing online u tube videos and other apps like byjus give practice tests ,online tests ...gain a lot of knowledge by watching other videos ....but don't make misuse of it by playing games for an 5 to 6 hours, operating instaa ,wp ,Facebook and many more these all is wastage of time from that we are not getting any knowledge only waste of time ...so use it for good source "
6/20/2021 22:53:49,Female,20 to 30,U.G,Student,10 to 20 AgeGroup,"WhatsApp, LinkedIn, Zoom/Google Meet etc., Telegram",Every hour,Mobile,Every hour,Less than 30 mins,"To make friends, To socialize casually, To find employment, Studying",During my free time,Yes,Headache,Once a month,Social media addiction directly impacts on human health so don't use it unnecessarily.
6/20/2021 23:02:31,Male,20 to 30,Graduate,Entrepreneur,20 to 30 AgeGroup,"Facebook, WhatsApp, LinkedIn, Telegram",Daily,Mobile,Every 5-15 minutes,1-2 hours,"To make friends, To socialize casually, To find a suitable date","During my free time, While at school/university/work, During social occasions, During meal times",Yes,"Headache, Depression, Anxiety",Once a month,Yes
6/20/2021 23:12:39,Female,20 to 30,U.G,Student,20 to 30 AgeGroup,"Facebook, WhatsApp, Instagram, LinkedIn, Zoom/Google Meet etc.",Daily,Mobile,Every 3-4 hours,1-2 hours,"To socialize casually, To find employment, Studying",During my free time,Yes,Headache,Once a month,If possible we should use less social media.
6/21/2021 0:07:36,Female,16 to 20,U.G,Student,10 to 20 AgeGroup,"WhatsApp, Instagram, LinkedIn, Zoom/Google Meet etc., Telegram",Daily,Mobile,Every 3-4 hours,1-2 hours,"To make friends, To socialize casually, Studying",During my free time,Yes,Mood swings,Twice a week,Being addicted to it is something very dangerous. We should keep limits on our usage. 
6/21/2021 8:43:48,Female,20 to 30,U.G,Student,10 to 20 AgeGroup,"WhatsApp, Instagram, LinkedIn, Telegram",Daily,Mobile,Every day,An hour,"To socialize casually, Studying",During my free time,Yes,"Back Pain, Headache",Once a week,"Social media is good as well as bad it depends upon the person who is using , he may used it for good purpose or bad. "
6/21/2021 9:07:16,Female,20 to 30,U.G,Student,10 to 20 AgeGroup,"WhatsApp, Instagram, LinkedIn, Zoom/Google Meet etc., Telegram, Netflix",Daily,"Mobile, Laptop",Every 5-15 minutes,An hour,"To socialize casually, To find employment, Studying",During my free time,Yes,"Back Pain, Headache, Anxiety, Eye Related Issues, Mood swings",Once a week,For me as a Studentsocial media addiction may mean more time spend online and less time spent on study. Social media interrupt Studenttime management which further affect the academic performance
6/21/2021 9:23:51,Female,20 to 30,P.G,Student,20 to 30 AgeGroup,"WhatsApp, Instagram",Daily,Mobile,Not at all,3-4 hours,Studying,During my free time,Yes,Back Pain,Once a month,None
6/21/2021 11:28:52,Female,20 to 30,P.G,Student,10 to 20 AgeGroup,"WhatsApp, Instagram, LinkedIn, Telegram",Daily,Mobile,Every day,1-2 hours,"To find employment, Studying",During my free time,Yes,"Headache, Eye Related Issues",Once a month,Social media addiction is good as well as bas also.
6/21/2021 11:34:07,Female,20 to 30,Graduate,Housewife,20 to 30 AgeGroup,"WhatsApp, Telegram",Daily,Mobile,Every day,3-4 hours,Studying,During my free time,Yes,Headache,Once a week,Time spending 
6/21/2021 11:52:31,Male,16 to 20,Graduate,Student,10 to 20 AgeGroup,"WhatsApp, Instagram, Zoom/Google Meet etc., Telegram",Daily,"Mobile, Laptop",Every hour,1-2 hours,"To make friends, To socialize casually, To find a suitable date, To promote products/services, Event planning, To find employment, Online Gaming, Studying",During my free time,No,"Headache, Depression, Anxiety, Eye Related Issues",Once a month,No
6/21/2021 13:01:03,Male,16 to 20,Graduate,Student,10 to 20 AgeGroup,"WhatsApp, Instagram, Zoom/Google Meet etc., Telegram",Daily,"Mobile, Laptop",Every hour,1-2 hours,"To make friends, To socialize casually, To find a suitable date, To promote products/services, Event planning, To find employment, Online Gaming, Studying",During my free time,No,"Headache, Depression, Anxiety, Eye Related Issues",Once a month,No
6/21/2021 13:09:05,Female,16 to 20,U.G,Student,10 to 20 AgeGroup,"Facebook, Twitter, WhatsApp, Instagram, LinkedIn, Zoom/Google Meet etc., Telegram, Netflix",Daily,"Mobile, Tablet, Laptop",Every 3-4 hours,1-2 hours,"To make friends, To socialize casually, Studying","During my free time, While at school/university/work, During social occasions",No,Eye Related Issues,Once a month,No
6/21/2021 13:19:01,Female,20 to 30,P.G,Student,20 to 30 AgeGroup,"Facebook, WhatsApp, Instagram, Zoom/Google Meet etc., Telegram",Daily,Mobile,Not at all,1-2 hours,"Event planning, Studying",During my free time,No,Mood swings,Once a month,No
6/21/2021 13:28:09,Male,50 above,Graduate,Service,50 and Above  AgeGroup,WhatsApp,Daily,Mobile,Every hour,3-4 hours,To socialize casually,During my free time,Yes,Back Pain,Once a month,No
6/21/2021 13:30:47,Female,20 to 30,Graduate,Employee,10 to 20 AgeGroup,"Facebook, Twitter, WhatsApp, Instagram, LinkedIn, Zoom/Google Meet etc., Telegram, Netflix",Every hour,Mobile,Every 5-15 minutes,1-2 hours,"To make friends, To socialize casually, To find employment, Entertainment ",While at school/university/work,Yes,"Back Pain, Headache, Depression, Anxiety, Eye Related Issues, Mood swings",Thrice a month,No
6/21/2021 13:40:42,Male,16 to 20,10th,Student,10 to 20 AgeGroup,"Facebook, WhatsApp, Instagram, Zoom/Google Meet etc., Telegram",Daily,"Mobile, Laptop",Every 3-4 hours,Less than 30 mins,"To make friends, Studying","During my free time, During social occasions",No,"Anxiety, Eye Related Issues, Mood swings",Once a month,No
6/21/2021 13:45:44,Female,20 to 30,U.G,Student,20 to 30 AgeGroup,"Facebook, WhatsApp, Instagram, LinkedIn, Zoom/Google Meet etc., Telegram",Daily,Mobile,Every day,3-4 hours,"To make friends, Event planning, To find employment, Online Gaming, Studying",During my free time,Yes,Headache,Once a week,No
6/21/2021 13:54:42,Female,20 to 30,Graduate,Employee,10 to 20 AgeGroup,"Facebook, Twitter, WhatsApp, Instagram, Telegram",Daily,"Mobile, Laptop, Desktop",Every day,An hour,"To make friends, To socialize casually, To find a suitable date, To promote products/services, Event planning, To find employment, Online Gaming, Studying",During my free time,No,"Headache, Eye Related Issues",Once a month,No
6/21/2021 14:08:38,Female,16 to 20,Graduate,Student,10 to 20 AgeGroup,"WhatsApp, Instagram, LinkedIn, Zoom/Google Meet etc., Telegram",Daily,"Mobile, Laptop",Every 3-4 hours,1-2 hours,"To socialize casually, To promote products/services, Event planning, To find employment, Online Gaming, Studying","While at school/university/work, During social occasions",Yes,"Headache, Depression, Eye Related Issues, Mood swings",Twice a week,No
6/21/2021 14:12:22,Female,20 to 30,U.G,Student,20 to 30 AgeGroup,"Facebook, WhatsApp, Instagram",Every two days,Mobile,Every hour,1-2 hours,To make friends,During my free time,Yes,Back Pain,Thrice a month,No
6/21/2021 14:32:34,Male,20 to 30,Graduate,Employee,20 to 30 AgeGroup,"Facebook, Twitter, WhatsApp, Instagram, LinkedIn, Zoom/Google Meet etc., Telegram",Daily,Mobile,Every day,Less than 30 mins,"To socialize casually, Studying",During my free time,No,"Headache, Mood swings",Thrice a month,No
6/21/2021 14:43:33,Male,Below 16,School,Student,10 to 20 AgeGroup,"WhatsApp, Instagram, Zoom/Google Meet etc., YouTube",Daily,"Mobile, Laptop",Not at all,1-2 hours,"To socialize casually, Online Gaming, Entertainment","During my free time, During meal times",Yes,Back Pain,Once a week,No
6/21/2021 15:23:46,Female,20 to 30,Graduate,Student,10 to 20 AgeGroup,"Facebook, Twitter, WhatsApp, Instagram, LinkedIn, Zoom/Google Meet etc., Telegram, Netflix",Daily,"Laptop, Desktop",Every 3-4 hours,An hour,"To socialize casually, To find employment, Studying",During my free time,Yes,"Back Pain, Headache, Eye Related Issues",Twice a week,No
6/21/2021 15:28:57,Male,20 to 30,U.G,Student,10 to 20 AgeGroup,"Facebook, Twitter, WhatsApp, Instagram, Netflix",Every hour,Mobile,Every hour,An hour,"To socialize casually, To find employment, Online Gaming","During social occasions, During meal times",Yes,"Back Pain, Headache, Depression, Anxiety, Eye Related Issues, Mood swings",Everyday,Addiction is bad 
6/21/2021 15:39:07,Female,16 to 20,11th,Student,10 to 20 AgeGroup,"WhatsApp, Instagram, Zoom/Google Meet etc., Telegram",Daily,Mobile,Every 3-4 hours,An hour,"To make friends, Studying",During my free time,Yes,"Headache, Eye Related Issues",Once a month,No
6/21/2021 16:22:54,Female,30 to 50,P.G,Housewife,30 to 50 AgeGroup,"WhatsApp, Zoom/Google Meet etc.",Daily,Mobile,Every 3-4 hours,An hour,"To socialize casually, Studying",During my free time,Yes,Eye Related Issues,Once a month,No
6/21/2021 16:23:54,Male,20 to 30,Graduate,Employee,20 to 30 AgeGroup,WhatsApp,Daily,Mobile,Every day,1-2 hours,Studying,During my free time,No,"Headache, Depression, Anxiety, Mood swings",Once a week,No
6/21/2021 17:37:22,Female,20 to 30,U.G,Student,10 to 20 AgeGroup,"Facebook, Twitter, WhatsApp, Instagram, LinkedIn, Zoom/Google Meet etc., Telegram, Netflix",Daily,"Mobile, Laptop",Every 3-4 hours,1-2 hours,"To find employment, Passtime (instagram) &professional use(linkedin) ",During my free time,Yes,"Back Pain, Headache, Eye Related Issues, Mood swings",Once a month,Hate it or love it.. It has become an unavoidable part of my and everyone's life these days. I do agree it benefits us but in return takes the health. 
6/21/2021 17:41:27,Female,20 to 30,U.G,Student,10 to 20 AgeGroup,"Facebook, Twitter, WhatsApp, Instagram, LinkedIn, Zoom/Google Meet etc., Telegram, Netflix",Daily,"Mobile, Laptop",Every 3-4 hours,3-4 hours,"To make friends, To socialize casually, To promote products/services",During my free time,Yes,"Depression, Mood swings",Thrice a month,No
6/21/2021 17:56:35,Female,20 to 30,Graduate,Student,10 to 20 AgeGroup,"Facebook, WhatsApp, Instagram, LinkedIn, Zoom/Google Meet etc., Telegram",Daily,"Mobile, Laptop",Every day,More than 4 hours,Studying,"During my free time, While at school/university/work",Yes,"Back Pain, Eye Related Issues, Mood swings",Once a month,No
6/21/2021 18:05:46,Female,20 to 30,U.G,Housewife,20 to 30 AgeGroup,WhatsApp,Daily,Mobile,Every hour,3-4 hours,To socialize casually,During my free time,Yes,Mood swings,Once a month,No
6/21/2021 18:08:15,Female,20 to 30,P.G,Student,20 to 30 AgeGroup,"WhatsApp, Instagram, LinkedIn, Zoom/Google Meet etc., Telegram",Daily,Mobile,Every day,1-2 hours,"To make friends, To promote products/services, To find employment, Online Gaming, Studying",During my free time,Yes,"Back Pain, Headache, Eye Related Issues",Once a month,Social media is nice way to spend time but not all time
6/21/2021 18:08:59,Female,20 to 30,Graduate,Student,10 to 20 AgeGroup,"WhatsApp, Zoom/Google Meet etc., Telegram",Daily,Mobile,Every day,1-2 hours,Studying,"During my free time, While at school/university/work",No,Eye Related Issues,Once a month,No
6/21/2021 18:09:05,Female,20 to 30,P.G,Student,20 to 30 AgeGroup,"Facebook, WhatsApp, Instagram, LinkedIn, Zoom/Google Meet etc., Telegram",Every hour,Mobile,Every hour,3-4 hours,"To make friends, To socialize casually, To promote products/services, Studying",During my free time,Yes,"Headache, Depression, Eye Related Issues, Mood swings",Once a month,No
6/21/2021 18:09:22,Male,20 to 30,U.G,Student,10 to 20 AgeGroup,"Facebook, WhatsApp, Instagram, Zoom/Google Meet etc., Telegram",Every hour,Mobile,Every 3-4 hours,3-4 hours,"To make friends, To socialize casually",During my free time,Yes,"Back Pain, Headache, Depression, Eye Related Issues, Mood swings",Once a week,Yes
6/21/2021 18:09:51,Female,20 to 30,P.G,Student,10 to 20 AgeGroup,"WhatsApp, Telegram",Daily,Desktop,Every day,1-2 hours,"To socialize casually, Studying","During my free time, During meal times",Yes,"Headache, Eye Related Issues, Mood swings",Once a week,Everything has advantage and disadvantages.  But it depends on us that is how we use it.
6/21/2021 18:15:41,Female,16 to 20,Graduate,Student,20 to 30 AgeGroup,WhatsApp,Daily,Mobile,Every 5-15 minutes,Less than 30 mins,Event planning,During my free time,Yes,Back Pain,Everyday,No
6/21/2021 18:18:02,Male,20 to 30,P.G,Student,4 to 10 AgeGroup,"Facebook, Twitter, WhatsApp, Instagram, LinkedIn, Zoom/Google Meet etc., Telegram, Netflix, Wechat",Once a week,"Mobile, Laptop",Not at all,Less than 30 mins,"To make friends, To socialize casually, To find a suitable date, Event planning, Studying",During meal times,Yes,"Back Pain, Headache, Mood swings",Everyday,No
6/21/2021 18:49:45,Female,20 to 30,P.G,Student,10 to 20 AgeGroup,"Facebook, Twitter, WhatsApp, Instagram, LinkedIn, Zoom/Google Meet etc., Telegram, Netflix",Daily,"Mobile, Laptop",Every hour,More than 4 hours,Time pass,During my free time,Yes,"Headache, Anxiety, Mood swings",Once a month,No
6/21/2021 19:21:28,Female,20 to 30,P.G,Student,10 to 20 AgeGroup,"WhatsApp, Zoom/Google Meet etc.",Daily,Mobile,Every hour,3-4 hours,"To socialize casually, Studying","During my free time, While at school/university/work",Yes,Eye Related Issues,Thrice a month,No
6/21/2021 19:40:03,Female,20 to 30,P.G,Student,10 to 20 AgeGroup,"Facebook, Twitter, WhatsApp, Instagram, LinkedIn, Zoom/Google Meet etc., Telegram",Daily,Mobile,Every 5-15 minutes,More than 4 hours,To make friends,During my free time,Yes,"Back Pain, Headache, Depression, Anxiety, Eye Related Issues, Mood swings",Everyday,No
6/21/2021 20:13:45,Female,20 to 30,P.G,Student,20 to 30 AgeGroup,"Facebook, WhatsApp, Instagram, Zoom/Google Meet etc., Telegram",Daily,Mobile,Every 3-4 hours,1-2 hours,"To make friends, To socialize casually, To find employment, Online Gaming, Studying",During my free time,Yes,"Eye Related Issues, Mood swings",Once a week,No
6/21/2021 21:44:59,Female,20 to 30,P.G,Student,20 to 30 AgeGroup,"WhatsApp, Zoom/Google Meet etc., Telegram",Daily,Mobile,Every 5-15 minutes,Less than 30 mins,Studying,While at school/university/work,Yes,Eye Related Issues,Everyday,Yes
6/21/2021 23:15:08,Male,20 to 30,Graduate,Student,10 to 20 AgeGroup,"Facebook, Twitter, WhatsApp, Instagram, LinkedIn, Zoom/Google Meet etc., Telegram",Daily,Mobile,Every day,1-2 hours,"Event planning, Studying",During my free time,Yes,Headache,Thrice a month,No
6/22/2021 0:01:54,Male,20 to 30,Graduate,Employee,20 to 30 AgeGroup,"Facebook, WhatsApp, Instagram, LinkedIn, Telegram",Daily,Mobile,Every hour,3-4 hours,"To make friends, Online Gaming","During my free time, While at school/university/work",Yes,"Back Pain, Eye Related Issues, Mood swings",Twice a week,No
6/22/2021 10:08:15,Female,20 to 30,U.G,Student,10 to 20 AgeGroup,"Facebook, WhatsApp, Instagram, LinkedIn, Zoom/Google Meet etc., Telegram",Daily,Mobile,Every day,1-2 hours,To socialize casually,During my free time,Yes,"Headache, Eye Related Issues",Once a week,Yes
6/22/2021 14:20:50,Male,20 to 30,P.G,Student,10 to 20 AgeGroup,"Facebook, Twitter, WhatsApp, Instagram, Zoom/Google Meet etc., Telegram, Netflix",Daily,"Mobile, Laptop",Every 3-4 hours,1-2 hours,"To socialize casually, To find a suitable date","During my free time, During social occasions",Yes,Mood swings,Once a month,No
6/22/2021 20:35:07,Male,20 to 30,P.G,Employee,20 to 30 AgeGroup,WhatsApp,Daily,Mobile,Every day,Less than 30 mins,To find employment,During my free time,No,Eye Related Issues,Thrice a month,No
6/22/2021 22:00:52,Female,20 to 30,Student,Student,20 to 30 AgeGroup,WhatsApp,Every other day,Mobile,Every day,More than 4 hours,To socialize casually,During my free time,Yes,Mood swings,Once a month,No
6/23/2021 9:53:14,Male,20 to 30,Graduate,Student,20 to 30 AgeGroup,"WhatsApp, Instagram, LinkedIn",Every two days,Mobile,Every 5-15 minutes,1-2 hours,"To socialize casually, To promote products/services, To find employment, Studying","During my free time, During social occasions, During meal times",Yes,"Depression, Anxiety",Thrice a month,No
6/23/2021 9:55:19,Female,20 to 30,P.G,Student,20 to 30 AgeGroup,"WhatsApp, Instagram, LinkedIn, Zoom/Google Meet etc., Telegram",Daily,"Mobile, Laptop",Every 3-4 hours,1-2 hours,"To socialize casually, To find employment, Studying",During my free time,Yes,"Eye Related Issues, Mood swings",Once a month,No
6/23/2021 9:55:24,Male,20 to 30,Graduate,Student,20 to 30 AgeGroup,"Facebook, Twitter, WhatsApp, Instagram, LinkedIn, Telegram",Every hour,"Mobile, Laptop",Every hour,3-4 hours,"To socialize casually, To find employment, Studying",During my free time,Yes,"Headache, Mood swings",Once a week,No
6/23/2021 9:55:52,Female,20 to 30,P.G,Student,20 to 30 AgeGroup,"Facebook, WhatsApp, Instagram, LinkedIn, Zoom/Google Meet etc., Telegram",Daily,"Mobile, Laptop",Every 3-4 hours,3-4 hours,"To make friends, To socialize casually, Event planning, To find employment, Studying","During my free time, While at school/university/work, During social occasions",Yes,"Headache, Eye Related Issues, Mood swings",Twice a week,Now a days due to pandamic situation so many people addict to social median 
6/23/2021 10:00:23,Male,20 to 30,Graduate,Student,10 to 20 AgeGroup,"Twitter, WhatsApp, Instagram, LinkedIn, Zoom/Google Meet etc.",Daily,"Mobile, Laptop",Every 3-4 hours,1-2 hours,"To socialize casually, To find employment, Studying",During my free time,No,Eye Related Issues,Once a month,No
6/23/2021 10:04:37,Female,20 to 30,P.G,Student,20 to 30 AgeGroup,"Facebook, WhatsApp, Instagram, LinkedIn, Zoom/Google Meet etc., Telegram",Daily,Mobile,Every day,An hour,"To make friends, To socialize casually, Studying",During my free time,No,"Back Pain, Headache",Once a month,"Sure, in current life its important to use a social media and it's also helpful for us actually.But at some point it's necessary to put limitations for the excess use of social media.Beacause  its benifitial for our health."
6/23/2021 10:18:06,Female,20 to 30,U.G,Student,10 to 20 AgeGroup,"WhatsApp, Instagram, LinkedIn, Zoom/Google Meet etc., Telegram",Daily,"Mobile, Laptop",Every hour,An hour,"To socialize casually, To promote products/services, Studying","During my free time, During social occasions",Yes,Eye Related Issues,Everyday,No
6/23/2021 10:57:26,Male,20 to 30,Graduate,Student,10 to 20 AgeGroup,"Facebook, Twitter, WhatsApp, Instagram, LinkedIn, Zoom/Google Meet etc., Telegram, Netflix",Daily,Mobile,Every hour,1-2 hours,"To socialize casually, To find employment, Online Gaming, Studying","During my free time, During meal times",Yes,Mood swings,Once a month,No
6/23/2021 11:06:37,Female,20 to 30,P.G,Student,10 to 20 AgeGroup,"Facebook, Twitter, WhatsApp, Instagram, LinkedIn, Zoom/Google Meet etc., Telegram, Netflix",Daily,"Mobile, Laptop",Every 5-15 minutes,Less than 30 mins,To socialize casually,During my free time,Yes,Eye Related Issues,Everyday,No
6/23/2021 13:00:44,Female,20 to 30,Graduate,Student,10 to 20 AgeGroup,"Facebook, Twitter, WhatsApp, Instagram, LinkedIn, Zoom/Google Meet etc., Telegram",Daily,"Mobile, Laptop",Every day,Less than 30 mins,"To socialize casually, To find employment, Studying",During my free time,Yes,Mood swings,Once a week,No
6/23/2021 15:10:27,Female,20 to 30,Graduate,Housewife,10 to 20 AgeGroup,"Facebook, WhatsApp, Zoom/Google Meet etc.",Every other day,Mobile,Every day,1-2 hours,"To make friends, Event planning, Studying",During my free time,Yes,"Back Pain, Eye Related Issues, Mood swings",Everyday,No
6/24/2021 0:49:42,Male,20 to 30,U.G,Student,10 to 20 AgeGroup,"Twitter, WhatsApp, Instagram, Zoom/Google Meet etc., Telegram",Daily,"Mobile, Tablet",Every 3-4 hours,1-2 hours,"To make friends, To socialize casually, To find a suitable date, Studying","During my free time, While at school/university/work, During social occasions, During meal times",No,"Back Pain, Eye Related Issues",Thrice a month,No
6/24/2021 10:07:20,Male,50 above,P.G,Entrepreneur,30 to 50 AgeGroup,"Facebook, WhatsApp, Instagram, Telegram",Daily,Mobile,Every 3-4 hours,An hour,"To socialize casually, To promote products/services",During my free time,Yes,Headache,Once a month,No
6/24/2021 23:27:16,Male,20 to 30,U.G,Student,10 to 20 AgeGroup,"WhatsApp, Instagram, LinkedIn, Zoom/Google Meet etc., Telegram",Daily,Mobile,Every 3-4 hours,1-2 hours,"To socialize casually, Studying","During my free time, During social occasions",Yes,"Back Pain, Headache, Eye Related Issues",Once a week,No
6/26/2021 20:16:17,Male,20 to 30,U.G,Student,20 to 30 AgeGroup,"Facebook, WhatsApp, Instagram",Every other day,Mobile,Every 3-4 hours,1-2 hours,To make friends,While at school/university/work,Yes,Headache,Thrice a month,No
6/28/2021 13:45:21,Female,20 to 30,Graduate,Employee,10 to 20 AgeGroup,"WhatsApp, Instagram, Telegram",Every hour,Mobile,Not at all,3-4 hours,"To socialize casually, To find a suitable date",During my free time,Yes,Mood swings,Once a month,No
6/28/2021 13:52:10,Male,20 to 30,P.G,Employee,10 to 20 AgeGroup,"Facebook, Twitter, WhatsApp, Instagram, LinkedIn, Zoom/Google Meet etc., Telegram",Every hour,Mobile,Every 3-4 hours,1-2 hours,"To socialize casually, Studying",During my free time,Yes,Eye Related Issues,Once a week,No
6/28/2021 13:53:08,Male,20 to 30,Graduate,Student,10 to 20 AgeGroup,"Facebook, WhatsApp, Instagram, LinkedIn, Zoom/Google Meet etc., Telegram",Daily,"Mobile, Laptop",Every 5-15 minutes,More than 4 hours,"To make friends, To socialize casually, To promote products/services, To find employment, Online Gaming, Studying","During my free time, While at school/university/work, During social occasions, During meal times",Yes,"Back Pain, Headache, Depression, Eye Related Issues, Mood swings",Everyday,No
6/28/2021 13:56:24,Female,20 to 30,Graduate,Housewife,10 to 20 AgeGroup,"Facebook, WhatsApp, Instagram, Telegram",Daily,Mobile,Every day,3-4 hours,To socialize casually,During my free time,Yes,Headache,Once a month,No
6/28/2021 13:58:08,Male,20 to 30,P.G,Employee,20 to 30 AgeGroup,"Twitter, WhatsApp, Instagram, LinkedIn, Zoom/Google Meet etc., Telegram",Daily,"Mobile, Laptop",Every hour,3-4 hours,"To make friends, To socialize casually",During my free time,Yes,"Headache, Depression, Eye Related Issues, Mood swings",Once a month,No
6/28/2021 14:01:25,Female,20 to 30,P.G,Student,20 to 30 AgeGroup,WhatsApp,Daily,Mobile,Every hour,An hour,Studying,During my free time,Yes,Eye Related Issues,Thrice a month,No
6/28/2021 14:02:43,Male,20 to 30,Graduate,Service,20 to 30 AgeGroup,"Facebook, WhatsApp, Instagram, Telegram",Daily,Mobile,Every 5-15 minutes,1-2 hours,"To make friends, Online Gaming",During my free time,Yes,Mood swings,Once a month,No
6/28/2021 15:13:27,Female,20 to 30,P.G,Student,20 to 30 AgeGroup,"WhatsApp, Zoom/Google Meet etc., Telegram",Daily,Mobile,Every 3-4 hours,1-2 hours,"To make friends, To socialize casually, Studying",While at school/university/work,Yes,Mood swings,Once a month,No
6/28/2021 16:26:13,Female,30 to 50,P.G,Service,30 to 50 AgeGroup,"Facebook, WhatsApp, Zoom/Google Meet etc.",Daily,Mobile,Every day,An hour,To promote products/services,During my free time,Yes,Headache,Once a month,No
6/28/2021 16:45:36,Female,20 to 30,Graduate,Entrepreneur,20 to 30 AgeGroup,"Facebook, WhatsApp, Instagram",Daily,Mobile,Every day,An hour,Timepass,During my free time,No,Eye Related Issues,Once a month,No
6/28/2021 16:53:06,Female,20 to 30,MBA 1st yr,Housewife,20 to 30 AgeGroup,"Facebook, WhatsApp, Instagram",Daily,Mobile,Every hour,An hour,To make friends,During my free time,Yes,Eye Related Issues,Once a month,No
6/28/2021 16:58:12,Male,20 to 30,P.G,Student,10 to 20 AgeGroup,"Facebook, WhatsApp, Instagram, LinkedIn, Zoom/Google Meet etc., Telegram, Netflix",Daily,"Mobile, Laptop",Every hour,3-4 hours,"To make friends, To socialize casually, Online Gaming, Studying","During my free time, While at school/university/work, During meal times",Yes,Mood swings,Once a week,No
6/28/2021 16:59:19,Female,20 to 30,Graduate,Employee,10 to 20 AgeGroup,"WhatsApp, Instagram, Zoom/Google Meet etc.",Daily,Mobile,Every 3-4 hours,1-2 hours,To socialize casually,During my free time,Yes,Back Pain,Twice a week,No
6/28/2021 17:00:37,Female,20 to 30,Graduate,Student,10 to 20 AgeGroup,"Facebook, WhatsApp, Instagram, LinkedIn, Zoom/Google Meet etc., Telegram",Daily,"Mobile, Laptop",Every 3-4 hours,Less than 30 mins,"To make friends, To promote products/services, Event planning, To find employment, Studying",During my free time,No,Headache,Once a month,No
6/28/2021 17:01:38,Male,20 to 30,P.G,Student,20 to 30 AgeGroup,"WhatsApp, Instagram, LinkedIn, Zoom/Google Meet etc., Telegram",Daily,"Mobile, Laptop",Every day,3-4 hours,"To find employment, Studying",During my free time,Yes,"Back Pain, Mood swings",Once a week,social media is good for learn new technology as well as bad for addiction of unwanted things . 
6/28/2021 17:04:05,Male,20 to 30,Graduate,Student,10 to 20 AgeGroup,"WhatsApp, Instagram",Daily,Mobile,Every 3-4 hours,1-2 hours,To make friends,During my free time,Yes,Mood swings,Once a month,No
6/28/2021 17:14:22,Male,20 to 30,Dmlt,Student,20 to 30 AgeGroup,WhatsApp,Daily,Mobile,Every hour,More than 4 hours,To make friends,During my free time,No,Back Pain,Once a week,No
6/28/2021 18:00:22,Female,20 to 30,U.G,Student,10 to 20 AgeGroup,"WhatsApp, LinkedIn, Zoom/Google Meet etc., Telegram",Once a week,Mobile,Every 3-4 hours,3-4 hours,"To find employment, Studying",During my free time,No,"Back Pain, Headache, Depression, Anxiety, Eye Related Issues, Mood swings",Twice a week,No
6/28/2021 18:11:41,Female,20 to 30,U.G,Student,20 to 30 AgeGroup,"Facebook, WhatsApp, Instagram, LinkedIn, Zoom/Google Meet etc.",Daily,Mobile,Every hour,3-4 hours,Studying,"During my free time, During social occasions",Yes,"Headache, Eye Related Issues",Twice a week,No
6/28/2021 18:12:43,Female,20 to 30,U.G,Housewife,20 to 30 AgeGroup,"Facebook, WhatsApp, Instagram",Every other day,Mobile,Every 3-4 hours,3-4 hours,To find employment,During my free time,Yes,"Back Pain, Headache, Eye Related Issues",Once a month,No
6/28/2021 18:26:13,Female,20 to 30,U.G,Student,20 to 30 AgeGroup,"WhatsApp, Instagram, LinkedIn, Zoom/Google Meet etc., Telegram",Daily,Mobile,Every day,1-2 hours,"To socialize casually, Studying",During my free time,Yes,Back Pain,Once a month,It is increasing day by day in students as well as for those who use smartphone daily
6/28/2021 18:32:22,Female,20 to 30,U.G,Student,10 to 20 AgeGroup,WhatsApp,Daily,Mobile,Every day,1-2 hours,To socialize casually,During my free time,Yes,"Back Pain, Eye Related Issues",Twice a week,No
6/28/2021 18:52:17,Male,16 to 20,10th,Student,10 to 20 AgeGroup,"Facebook, WhatsApp, Instagram, Zoom/Google Meet etc., Telegram",Daily,"Mobile, Laptop",Every 3-4 hours,Less than 30 mins,"To make friends, Studying","During my free time, During social occasions",No,"Back Pain, Mood swings",Once a month,No
6/28/2021 19:40:57,Male,20 to 30,U.G,Student,20 to 30 AgeGroup,"Facebook, WhatsApp, Instagram, Zoom/Google Meet etc., Telegram",Every two days,Mobile,Every day,Less than 30 mins,"To make friends, Studying",During my free time,Yes,Mood swings,Once a month,No
6/28/2021 20:48:58,Female,20 to 30,U.G,Housewife,10 to 20 AgeGroup,"Facebook, WhatsApp, Instagram, LinkedIn, Telegram",Daily,"Mobile, Laptop",Every day,1-2 hours,"To find a suitable date, To find employment",During my free time,Yes,Mood swings,Thrice a month,No
6/28/2021 21:09:02,Female,20 to 30,P.G,Service,20 to 30 AgeGroup,"Facebook, WhatsApp, Zoom/Google Meet etc.",Daily,Mobile,Every hour,3-4 hours,"To socialize casually, Studying","While at school/university/work, During social occasions",Yes,"Back Pain, Headache, Depression, Mood swings",Once a week,No
6/28/2021 21:51:18,Male,20 to 30,P.G,Lecturer,20 to 30 AgeGroup,"Facebook, Twitter, WhatsApp, Instagram, LinkedIn, Zoom/Google Meet etc., Telegram",Daily,Mobile,Every 3-4 hours,1-2 hours,"Daily updates , Technology",During my free time,Yes,Back Pain,Once a month,No
6/28/2021 23:12:57,Male,20 to 30,P.G,Employee,20 to 30 AgeGroup,"Facebook, Twitter, WhatsApp, Instagram, LinkedIn, Zoom/Google Meet etc., Telegram, Microsoft teams, webex",Every hour,Mobile,Every hour,More than 4 hours,"To make friends, To find employment, Studying",During my free time,Yes,Eye Related Issues,Once a month,No
6/29/2021 10:17:37,Female,20 to 30,Graduate,Entrepreneur,20 to 30 AgeGroup,"Twitter, WhatsApp, Instagram, Telegram",Daily,Mobile,Every day,An hour,"Event planning, To find employment, Studying",During my free time,Yes,"Headache, Mood swings",Once a month,No
6/29/2021 14:09:04,Female,30 to 50,P.G,Service,20 to 30 AgeGroup,"Facebook, WhatsApp, Telegram",Daily,Mobile,Every 5-15 minutes,Less than 30 mins,"To make friends, Studying",During my free time,Yes,Headache,Once a month,No
6/29/2021 21:04:03,Female,30 to 50,P.G,Service,20 to 30 AgeGroup,"Facebook, WhatsApp",Daily,Mobile,Every 3-4 hours,1-2 hours,"To make friends, Studying",During my free time,Yes,Eye Related Issues,Once a week,No
7/1/2021 9:52:57,Male,20 to 30,P.G,Employee,20 to 30 AgeGroup,"Facebook, WhatsApp, Zoom/Google Meet etc., Telegram",Daily,Mobile,Every hour,1-2 hours,"To socialize casually, Studying","During my free time, While at school/university/work",No,"Anxiety, Mood swings",Once a week,"I think a lot of dopamine we get in the start of using social media sites but after sometimes we addicted to get dopamine slowly but regularly. We all should try one day or two day without using any social media sites, to spend our lives with your friends ???? and family??. THANK YOU"
7/2/2021 13:11:50,Female,20 to 30,P.G,Student,10 to 20 AgeGroup,"WhatsApp, Instagram, Zoom/Google Meet etc., Telegram",Once a week,Mobile,Not at all,Less than 30 mins,"To make friends, To socialize casually, Event planning, Studying","During my free time, While at school/university/work",No,Eye Related Issues,Once a month,No
7/4/2021 21:29:45,Female,16 to 20,U.G,Student,10 to 20 AgeGroup,"Facebook, WhatsApp, Instagram, Telegram, Netflix, Snapchat",Every hour,Mobile,Every 5-15 minutes,3-4 hours,"To make friends, To socialize casually, To find a suitable date, Studying","During my free time, During meal times",Yes,"Eye Related Issues, Mood swings",Everyday,No
